,Credit_Score,income,loan_amount,dtir1,Status
0,758,1740.0,116500,45.0,1
1,552,4980.0,206500,40.0,1
2,834,9480.0,406500,46.0,0
3,587,11880.0,456500,42.0,0
4,602,10440.0,696500,39.0,0
5,864,10080.0,706500,40.0,0
6,860,5040.0,346500,44.0,0
7,863,3780.0,266500,42.0,0
8,580,5580.0,376500,44.0,0
9,788,6720.0,436500,30.0,0
10,723,4020.0,136500,44.0,1
11,501,9540.0,466500,36.0,0
12,884,3780.0,206500,51.0,1
13,520,5640.0,436500,40.0,0
14,773,7860.0,226500,39.0,0
15,685,2220.0,76500,20.0,1
16,846,5340.0,356500,44.0,1
17,534,3120.0,156500,44.0,1
18,629,5340.0,406500,44.0,0
19,688,12540.0,586500,31.0,0
20,668,16860.0,306500,6.0,0
21,758,2100.0,136500,36.0,0
22,692,2880.0,306500,44.0,1
23,620,2760.0,316500,44.0,0
24,846,4980.0,336500,35.0,0
25,533,8940.0,426500,34.0,0
26,518,6780.0,476500,40.0,1
27,812,3840.0,196500,49.0,0
28,534,3840.0,186500,46.0,0
29,647,4920.0,436500,42.0,0
30,683,5400.0,246500,39.0,0
31,705,5640.0,216500,40.0,0
32,701,5580.0,306500,37.0,0
33,591,3720.0,316500,41.0,0
34,647,7500.0,506500,36.0,0
35,889,3540.0,266500,40.0,0
36,651,9180.0,406500,38.0,0
37,716,9660.0,656500,42.0,0
38,780,3780.0,256500,45.0,1
39,799,7560.0,396500,42.0,1
40,766,9060.0,396500,30.0,0
41,868,3480.0,166500,56.0,0
42,765,0.0,466500,40.0,1
43,673,3120.0,236500,38.0,1
44,876,13620.0,866500,44.0,1
45,886,7380.0,416500,39.0,0
46,772,4920.0,436500,38.0,0
47,640,3720.0,356500,49.0,0
48,798,5640.0,386500,40.0,0
49,858,6780.0,596500,39.0,0
50,543,9060.0,196500,30.0,0
51,846,9600.0,206500,23.0,0
52,555,3360.0,136500,40.0,1
53,603,4560.0,166500,40.0,1
54,808,22500.0,606500,28.0,0
55,519,3300.0,86500,31.0,1
56,786,4140.0,116500,11.0,1
57,769,6000.0,426500,42.0,0
58,685,6600.0,166500,30.0,0
59,556,11340.0,426500,27.0,0
60,567,7080.0,376500,20.0,0
61,632,4800.0,286500,31.0,0
62,818,8520.0,706500,40.0,0
63,584,2760.0,146500,55.0,0
64,750,7140.0,446500,34.0,0
65,808,5820.0,286500,22.0,0
66,838,2100.0,166500,40.0,1
67,741,12000.0,636500,36.0,1
68,820,3720.0,226500,40.0,0
69,665,5880.0,316500,24.0,0
70,783,3300.0,156500,30.0,0
71,663,8400.0,706500,46.0,0
72,612,5520.0,196500,30.0,0
73,739,2040.0,166500,52.0,0
74,812,8580.0,486500,33.0,0
75,571,10740.0,406500,44.0,0
76,870,2400.0,146500,49.0,1
77,793,12600.0,306500,30.0,0
78,804,5040.0,266500,26.0,0
79,801,7860.0,436500,40.0,0
80,711,5700.0,446500,47.0,0
81,673,2580.0,216500,49.0,0
82,634,15180.0,476500,23.0,0
83,834,8700.0,466500,33.0,0
84,764,5400.0,326500,40.0,1
85,865,8160.0,656500,60.0,1
86,593,9180.0,506500,44.0,1
87,511,5640.0,246500,40.0,0
88,533,5640.0,186500,31.0,1
89,677,7980.0,56500,41.0,0
90,774,9840.0,486500,44.0,0
91,638,11460.0,346500,25.0,0
92,644,3660.0,136500,44.0,0
93,732,7140.0,586500,49.0,0
94,586,7440.0,336500,40.0,1
95,642,2940.0,76500,45.0,0
96,872,5640.0,286500,40.0,1
97,898,3000.0,136500,45.0,0
98,734,14640.0,486500,31.0,0
99,639,3840.0,416500,47.0,0
100,506,2880.0,186500,46.0,0
101,664,5700.0,186500,40.0,1
102,670,7680.0,316500,32.0,0
103,577,5640.0,346500,40.0,1
104,857,6840.0,326500,46.0,0
105,653,10260.0,256500,10.0,0
106,595,3120.0,226500,41.0,1
107,639,17340.0,226500,32.0,0
108,787,12180.0,906500,39.0,0
109,560,5520.0,386500,38.0,0
110,613,6060.0,496500,56.0,1
111,514,5220.0,106500,40.0,1
112,867,2640.0,186500,49.0,0
113,717,4920.0,246500,36.0,0
114,872,4800.0,126500,40.0,1
115,619,4200.0,226500,60.0,0
116,668,5640.0,416500,40.0,0
117,640,8160.0,146500,42.0,0
118,600,4440.0,216500,40.0,1
119,524,11400.0,396500,15.0,0
120,883,3240.0,246500,40.0,0
121,503,3300.0,316500,53.0,0
122,887,3840.0,296500,46.0,0
123,604,5640.0,436500,40.0,0
124,644,6600.0,226500,31.0,1
125,648,5640.0,506500,40.0,0
126,797,8400.0,296500,7.0,0
127,806,5820.0,386500,38.0,0
128,845,6540.0,106500,19.0,0
129,815,15240.0,706500,27.0,0
130,585,5280.0,176500,37.0,0
131,729,8280.0,496500,40.0,0
132,538,16740.0,606500,20.0,0
133,629,2220.0,126500,55.0,0
134,791,3780.0,156500,30.0,0
135,671,5580.0,196500,36.0,1
136,787,11760.0,256500,42.0,0
137,572,54300.0,1376500,10.0,1
138,755,4680.0,376500,41.0,0
139,670,4140.0,296500,44.0,0
140,760,8580.0,566500,40.0,1
141,578,10020.0,416500,24.0,0
142,648,9000.0,476500,38.0,0
143,836,0.0,686500,40.0,1
144,900,25680.0,556500,40.0,1
145,777,8580.0,266500,39.0,0
146,765,7080.0,406500,36.0,0
147,534,5640.0,256500,40.0,0
148,667,4920.0,236500,36.0,0
149,880,8640.0,656500,40.0,1
150,820,3960.0,156500,31.0,0
151,568,3600.0,406500,49.0,0
152,805,6180.0,476500,48.0,0
153,590,10080.0,676500,35.0,0
154,892,5640.0,206500,40.0,0
155,540,2520.0,126500,40.0,0
156,869,10200.0,366500,32.0,0
157,737,2520.0,156500,59.0,1
158,831,7980.0,276500,49.0,0
159,671,11640.0,636500,57.0,1
160,608,13560.0,486500,26.0,0
161,803,5640.0,266500,40.0,0
162,795,4800.0,356500,42.0,0
163,642,26100.0,396500,9.0,0
164,674,9000.0,486500,30.0,0
165,804,14220.0,716500,42.0,0
166,788,10800.0,596500,41.0,0
167,737,19620.0,636500,10.0,0
168,781,2640.0,116500,44.0,1
169,545,11880.0,376500,36.0,0
170,796,6660.0,356500,40.0,0
171,660,3240.0,86500,50.0,1
172,850,3360.0,226500,42.0,0
173,851,840.0,66500,48.0,0
174,794,7020.0,556500,48.0,0
175,866,5640.0,376500,40.0,1
176,777,1500.0,106500,31.0,1
177,780,9180.0,316500,32.0,0
178,611,3960.0,116500,59.0,0
179,584,4440.0,86500,21.0,0
180,621,6480.0,326500,28.0,0
181,660,4140.0,176500,36.0,0
182,862,1860.0,156500,45.0,1
183,829,8280.0,346500,33.0,0
184,848,9900.0,616500,38.0,0
185,775,78120.0,456500,19.0,1
186,812,3180.0,96500,46.0,0
187,733,3540.0,256500,44.0,0
188,700,3120.0,146500,40.0,0
189,781,6960.0,316500,42.0,0
190,633,3180.0,76500,40.0,1
191,702,5640.0,406500,40.0,0
192,882,1980.0,116500,37.0,1
193,880,18420.0,136500,10.0,1
194,686,2940.0,206500,37.0,1
195,733,6840.0,306500,40.0,1
196,652,1740.0,166500,58.0,0
197,524,5640.0,216500,40.0,0
198,705,8280.0,306500,49.0,0
199,844,13140.0,826500,29.0,0
200,642,2220.0,136500,47.0,0
201,649,18240.0,346500,45.0,0
202,557,8760.0,386500,29.0,0
203,866,15840.0,706500,35.0,1
204,761,5880.0,276500,49.0,0
205,569,1260.0,26500,24.0,0
206,523,5640.0,276500,40.0,0
207,740,2100.0,186500,43.0,0
208,638,0.0,366500,6.0,1
209,506,18000.0,666500,36.0,0
210,803,4320.0,226500,44.0,0
211,880,1680.0,106500,40.0,1
212,690,5640.0,426500,40.0,0
213,616,4560.0,216500,33.0,0
214,648,2460.0,146500,42.0,0
215,660,9060.0,676500,33.0,0
216,782,8220.0,316500,59.0,1
217,601,7380.0,76500,9.0,0
218,809,7440.0,446500,48.0,0
219,855,10800.0,256500,38.0,0
220,768,7560.0,406500,40.0,1
221,627,7500.0,196500,40.0,1
222,854,1380.0,266500,17.0,1
223,700,4020.0,196500,45.0,0
224,762,2220.0,56500,20.0,1
225,746,10440.0,546500,40.0,1
226,592,4800.0,336500,43.0,0
227,703,12240.0,986500,42.0,0
228,613,7620.0,566500,50.0,0
229,697,9660.0,526500,45.0,0
230,740,6480.0,476500,40.0,1
231,545,4260.0,186500,49.0,0
232,710,5280.0,316500,39.0,0
233,664,10740.0,276500,31.0,0
234,522,5640.0,606500,40.0,0
235,789,8160.0,476500,41.0,0
236,898,9960.0,526500,24.0,0
237,693,13500.0,566500,23.0,0
238,571,5400.0,236500,41.0,0
239,597,7320.0,256500,19.0,0
240,680,8220.0,586500,40.0,1
241,571,5640.0,316500,40.0,1
242,575,3600.0,156500,23.0,0
243,694,6600.0,436500,44.0,0
244,581,16080.0,486500,39.0,0
245,796,5100.0,356500,40.0,1
246,678,2700.0,266500,42.0,1
247,714,2280.0,186500,38.0,0
248,871,5340.0,126500,44.0,0
249,800,4680.0,276500,47.0,1
250,700,2460.0,106500,40.0,0
251,880,7320.0,386500,36.0,0
252,853,6720.0,376500,37.0,0
253,644,2760.0,206500,39.0,0
254,898,9660.0,286500,40.0,1
255,717,5040.0,486500,38.0,0
256,773,5580.0,406500,42.0,0
257,868,4620.0,146500,43.0,1
258,540,5460.0,156500,50.0,0
259,718,6600.0,476500,45.0,0
260,786,2220.0,86500,42.0,1
261,713,2580.0,246500,43.0,0
262,874,5100.0,596500,60.0,0
263,647,8100.0,556500,41.0,0
264,711,16260.0,1226500,37.0,0
265,625,8880.0,266500,40.0,1
266,768,5640.0,196500,40.0,1
267,626,5100.0,416500,45.0,0
268,500,2580.0,206500,60.0,1
269,700,8100.0,106500,40.0,1
270,663,12120.0,386500,25.0,0
271,538,3660.0,246500,33.0,0
272,695,4260.0,266500,54.0,0
273,517,5580.0,336500,42.0,0
274,815,3000.0,126500,38.0,1
275,759,5220.0,206500,23.0,0
276,792,1860.0,66500,27.0,1
277,822,9180.0,476500,45.0,1
278,516,8100.0,376500,33.0,0
279,704,6840.0,256500,26.0,0
280,808,9000.0,316500,32.0,0
281,534,9360.0,426500,40.0,1
282,786,4560.0,216500,24.0,0
283,605,4620.0,436500,49.0,0
284,539,4260.0,126500,20.0,0
285,522,4680.0,96500,44.0,0
286,812,6960.0,406500,31.0,0
287,860,3660.0,336500,48.0,1
288,876,4440.0,426500,43.0,0
289,762,9120.0,416500,42.0,0
290,809,4920.0,186500,33.0,0
291,595,12060.0,606500,48.0,0
292,598,9180.0,446500,41.0,0
293,763,4860.0,156500,27.0,1
294,515,2640.0,256500,44.0,0
295,508,27000.0,336500,24.0,0
296,820,7920.0,406500,46.0,0
297,529,3840.0,266500,40.0,1
298,592,3840.0,266500,52.0,0
299,545,5880.0,156500,23.0,0
300,830,3180.0,186500,40.0,1
301,710,0.0,636500,40.0,1
302,551,4140.0,286500,40.0,1
303,715,3480.0,266500,43.0,0
304,802,3660.0,266500,46.0,0
305,871,4320.0,226500,33.0,0
306,557,5640.0,146500,40.0,0
307,879,2100.0,166500,45.0,0
308,743,1140.0,76500,53.0,0
309,572,7200.0,336500,40.0,1
310,699,5460.0,266500,43.0,0
311,538,3420.0,186500,36.0,0
312,617,6360.0,506500,36.0,0
313,761,5040.0,286500,13.0,1
314,711,7860.0,566500,41.0,0
315,640,6060.0,366500,44.0,0
316,665,4800.0,426500,39.0,0
317,667,4440.0,296500,40.0,0
318,834,7380.0,676500,58.0,0
319,829,7200.0,526500,36.0,0
320,871,5100.0,256500,36.0,0
321,661,8340.0,266500,12.0,0
322,661,4980.0,216500,31.0,0
323,664,4080.0,156500,43.0,0
324,896,9660.0,726500,40.0,1
325,856,17640.0,486500,28.0,0
326,603,6720.0,256500,36.0,1
327,627,5040.0,396500,41.0,1
328,715,3240.0,236500,40.0,1
329,595,5280.0,236500,31.0,1
330,861,23760.0,1486500,39.0,0
331,851,4620.0,156500,22.0,0
332,660,1620.0,86500,48.0,0
333,767,24060.0,1416500,31.0,0
334,656,5640.0,396500,40.0,0
335,875,12060.0,486500,22.0,0
336,778,3840.0,216500,43.0,1
337,652,7200.0,266500,31.0,0
338,577,5760.0,466500,36.0,0
339,869,3540.0,156500,43.0,0
340,758,7440.0,606500,57.0,1
341,701,8040.0,246500,24.0,1
342,775,5460.0,316500,41.0,0
343,893,71220.0,556500,19.0,0
344,870,3060.0,266500,56.0,1
345,785,7140.0,306500,40.0,0
346,779,9300.0,456500,40.0,1
347,565,2520.0,116500,30.0,1
348,792,5160.0,206500,40.0,1
349,753,5820.0,556500,43.0,1
350,838,8700.0,486500,40.0,1
351,769,5640.0,186500,40.0,0
352,851,3120.0,266500,50.0,1
353,517,2640.0,136500,38.0,0
354,852,6720.0,536500,41.0,0
355,587,8820.0,186500,43.0,0
356,694,8880.0,796500,42.0,1
357,781,3060.0,336500,45.0,0
358,729,1620.0,196500,51.0,1
359,597,6000.0,536500,40.0,1
360,640,2520.0,166500,40.0,0
361,719,5100.0,336500,40.0,1
362,744,5640.0,136500,40.0,0
363,768,1860.0,106500,43.0,0
364,770,4320.0,176500,26.0,0
365,850,11400.0,446500,40.0,1
366,598,7200.0,416500,27.0,0
367,818,4380.0,96500,31.0,0
368,614,5640.0,306500,40.0,0
369,604,12000.0,406500,16.0,0
370,892,5640.0,416500,40.0,0
371,804,5640.0,156500,40.0,0
372,737,3360.0,126500,26.0,0
373,888,10860.0,406500,30.0,0
374,543,8100.0,506500,32.0,0
375,547,6780.0,516500,44.0,0
376,571,8760.0,556500,31.0,0
377,803,4680.0,296500,45.0,0
378,639,3720.0,246500,48.0,0
379,869,4320.0,246500,40.0,0
380,621,12540.0,226500,19.0,0
381,715,5400.0,156500,42.0,0
382,774,9360.0,176500,40.0,0
383,651,8280.0,266500,39.0,0
384,728,5400.0,216500,44.0,0
385,618,8460.0,416500,43.0,0
386,574,2580.0,106500,40.0,1
387,505,6300.0,456500,44.0,0
388,773,12420.0,456500,26.0,0
389,716,1680.0,96500,41.0,1
390,798,5280.0,126500,36.0,0
391,807,5940.0,246500,27.0,0
392,530,30180.0,496500,16.0,0
393,729,10200.0,156500,37.0,1
394,815,7440.0,156500,49.0,1
395,703,8640.0,326500,40.0,1
396,668,1980.0,86500,40.0,1
397,611,6180.0,376500,41.0,0
398,814,3420.0,206500,39.0,1
399,843,2520.0,116500,43.0,0
400,845,7200.0,156500,23.0,1
401,635,11160.0,266500,40.0,1
402,824,3780.0,136500,42.0,1
403,519,4260.0,276500,30.0,0
404,559,3480.0,86500,39.0,0
405,633,1320.0,46500,43.0,0
406,621,14640.0,356500,30.0,0
407,837,6120.0,456500,43.0,0
408,779,5760.0,176500,21.0,0
409,847,0.0,516500,40.0,1
410,885,19800.0,876500,45.0,1
411,584,7020.0,586500,51.0,0
412,630,2280.0,206500,54.0,1
413,589,5640.0,426500,40.0,0
414,714,2940.0,126500,42.0,0
415,723,5040.0,306500,40.0,1
416,654,5040.0,246500,27.0,0
417,724,3720.0,256500,48.0,0
418,540,5640.0,126500,40.0,0
419,856,6960.0,386500,51.0,0
420,527,2580.0,156500,61.0,0
421,605,12660.0,486500,40.0,1
422,738,4620.0,406500,38.0,0
423,811,11220.0,656500,31.0,0
424,546,7380.0,506500,35.0,0
425,569,4200.0,196500,27.0,0
426,806,6360.0,566500,46.0,0
427,537,7380.0,106500,24.0,0
428,759,5640.0,516500,40.0,1
429,734,3960.0,66500,33.0,0
430,517,5880.0,216500,30.0,0
431,547,9720.0,476500,31.0,0
432,594,2220.0,96500,49.0,0
433,853,3720.0,246500,44.0,0
434,538,2820.0,86500,17.0,0
435,836,3240.0,176500,40.0,0
436,658,6660.0,436500,60.0,0
437,670,3780.0,336500,44.0,0
438,800,4740.0,216500,37.0,1
439,884,6540.0,366500,38.0,0
440,583,5640.0,226500,40.0,0
441,633,2760.0,126500,41.0,0
442,666,5760.0,216500,30.0,0
443,742,3780.0,406500,52.0,1
444,640,3660.0,206500,45.0,0
445,512,5460.0,166500,41.0,0
446,508,7020.0,146500,27.0,0
447,699,7500.0,506500,45.0,0
448,581,1920.0,116500,47.0,0
449,723,9360.0,366500,20.0,0
450,692,3540.0,266500,40.0,1
451,522,2220.0,226500,50.0,1
452,830,6240.0,266500,27.0,0
453,877,4860.0,86500,20.0,1
454,614,1860.0,116500,40.0,1
455,706,8340.0,196500,22.0,0
456,546,3600.0,186500,30.0,0
457,858,5460.0,346500,53.0,0
458,727,9720.0,506500,31.0,0
459,626,1740.0,126500,45.0,1
460,620,5640.0,506500,40.0,0
461,580,1800.0,306500,47.0,0
462,698,4980.0,506500,47.0,0
463,609,0.0,356500,40.0,1
464,623,3000.0,106500,30.0,1
465,544,12360.0,496500,40.0,1
466,645,7920.0,486500,46.0,0
467,620,4500.0,136500,25.0,0
468,657,2820.0,186500,41.0,0
469,652,9120.0,546500,36.0,0
470,860,3420.0,176500,32.0,0
471,712,6480.0,456500,54.0,0
472,787,7500.0,416500,34.0,0
473,866,5400.0,356500,45.0,0
474,513,10500.0,526500,57.0,1
475,737,4440.0,256500,43.0,0
476,694,5340.0,566500,40.0,1
477,501,2580.0,196500,42.0,0
478,876,4560.0,336500,59.0,0
479,771,6000.0,406500,39.0,0
480,898,5640.0,446500,40.0,0
481,815,7260.0,316500,32.0,0
482,736,5400.0,286500,46.0,0
483,885,6000.0,206500,42.0,0
484,760,3420.0,146500,35.0,0
485,514,6360.0,446500,43.0,0
486,678,2820.0,226500,48.0,0
487,843,7800.0,406500,35.0,1
488,597,4320.0,446500,40.0,1
489,698,4260.0,306500,40.0,0
490,536,6780.0,256500,32.0,0
491,875,3720.0,206500,38.0,0
492,537,4680.0,576500,55.0,1
493,523,3120.0,256500,46.0,1
494,822,10740.0,556500,31.0,0
495,703,5640.0,236500,40.0,0
496,638,10980.0,486500,30.0,0
497,619,6480.0,416500,30.0,0
498,671,5640.0,276500,40.0,0
499,580,8580.0,126500,29.0,0
500,512,4260.0,326500,47.0,0
501,828,8340.0,486500,29.0,0
502,588,9420.0,176500,40.0,1
503,822,15240.0,406500,13.0,0
504,730,14160.0,726500,40.0,1
505,858,5640.0,266500,40.0,1
506,815,5160.0,216500,32.0,0
507,597,5640.0,366500,40.0,1
508,731,6000.0,566500,49.0,0
509,646,6900.0,386500,30.0,0
510,563,9720.0,506500,27.0,0
511,525,4440.0,226500,47.0,0
512,585,4260.0,416500,44.0,0
513,783,3360.0,176500,40.0,0
514,782,12840.0,506500,49.0,0
515,540,21000.0,396500,17.0,1
516,761,7800.0,606500,36.0,0
517,784,7560.0,626500,44.0,0
518,725,11520.0,576500,46.0,0
519,657,4680.0,126500,49.0,0
520,752,9720.0,556500,40.0,0
521,715,8160.0,546500,35.0,0
522,756,2760.0,196500,47.0,0
523,834,2160.0,126500,40.0,0
524,557,4320.0,356500,40.0,1
525,833,7440.0,286500,31.0,0
526,585,5760.0,166500,40.0,1
527,880,2640.0,226500,42.0,0
528,616,12300.0,486500,21.0,0
529,727,3960.0,156500,40.0,1
530,654,3720.0,236500,47.0,0
531,561,13860.0,486500,25.0,0
532,791,5340.0,186500,21.0,0
533,613,13140.0,396500,36.0,0
534,884,5640.0,346500,40.0,0
535,570,5640.0,626500,40.0,0
536,805,3240.0,336500,49.0,0
537,899,3600.0,306500,44.0,0
538,890,6360.0,416500,33.0,0
539,545,14340.0,436500,41.0,0
540,720,8760.0,486500,46.0,1
541,775,4620.0,286500,40.0,1
542,722,5640.0,516500,40.0,0
543,526,16680.0,596500,36.0,0
544,553,7860.0,716500,61.0,1
545,561,16260.0,566500,22.0,0
546,845,4680.0,296500,40.0,0
547,815,5160.0,356500,39.0,0
548,513,5760.0,256500,36.0,0
549,569,7800.0,586500,45.0,0
550,898,9060.0,626500,41.0,0
551,719,4260.0,266500,46.0,0
552,596,3300.0,236500,49.0,0
553,879,4440.0,286500,31.0,0
554,814,5640.0,566500,40.0,0
555,750,11100.0,656500,41.0,0
556,848,10380.0,466500,33.0,0
557,549,5820.0,186500,26.0,1
558,709,4560.0,416500,46.0,0
559,735,7860.0,356500,22.0,0
560,829,6300.0,386500,18.0,1
561,546,4800.0,446500,49.0,0
562,633,4920.0,226500,41.0,1
563,547,10080.0,296500,40.0,1
564,818,32400.0,376500,24.0,0
565,776,16200.0,326500,31.0,0
566,728,3120.0,256500,48.0,0
567,857,11640.0,206500,40.0,1
568,881,5640.0,216500,40.0,0
569,899,17640.0,706500,46.0,0
570,629,5640.0,246500,40.0,0
571,669,9180.0,266500,38.0,0
572,806,5280.0,416500,42.0,0
573,680,13080.0,376500,44.0,1
574,774,7140.0,366500,36.0,0
575,565,3840.0,276500,43.0,0
576,654,16020.0,496500,23.0,0
577,556,7800.0,236500,46.0,0
578,500,3900.0,226500,40.0,0
579,686,3540.0,346500,37.0,0
580,811,7800.0,286500,22.0,0
581,630,8160.0,406500,43.0,0
582,726,3840.0,276500,55.0,1
583,535,5640.0,166500,40.0,1
584,653,3960.0,366500,55.0,0
585,745,6120.0,196500,40.0,1
586,626,0.0,216500,40.0,1
587,797,4680.0,206500,37.0,0
588,697,2760.0,146500,38.0,0
589,536,0.0,456500,40.0,1
590,763,10800.0,536500,45.0,0
591,636,4860.0,366500,43.0,0
592,684,3900.0,106500,14.0,0
593,535,0.0,136500,11.0,1
594,723,3900.0,366500,54.0,1
595,617,4620.0,336500,38.0,0
596,827,4080.0,446500,44.0,0
597,616,11400.0,386500,30.0,0
598,766,13440.0,696500,21.0,0
599,887,3900.0,236500,30.0,1
600,777,5640.0,616500,40.0,0
601,672,4920.0,196500,20.0,0
602,623,8880.0,576500,43.0,0
603,623,3180.0,236500,40.0,1
604,518,5640.0,236500,40.0,0
605,573,5880.0,256500,53.0,1
606,690,5640.0,376500,40.0,0
607,843,5640.0,286500,40.0,0
608,553,7080.0,446500,32.0,0
609,501,8280.0,276500,31.0,0
610,658,8880.0,386500,37.0,0
611,525,6420.0,216500,40.0,0
612,816,1920.0,156500,40.0,1
613,829,9780.0,206500,19.0,0
614,527,4560.0,296500,41.0,1
615,783,6120.0,306500,52.0,0
616,640,6420.0,276500,44.0,0
617,500,21660.0,296500,45.0,0
618,581,8340.0,536500,40.0,0
619,893,2880.0,56500,47.0,0
620,797,4620.0,366500,41.0,0
621,880,8400.0,346500,30.0,0
622,735,28440.0,266500,10.0,0
623,608,4800.0,306500,45.0,1
624,892,3240.0,126500,40.0,0
625,574,4680.0,386500,51.0,0
626,707,3240.0,136500,49.0,1
627,686,6600.0,486500,43.0,0
628,607,9900.0,556500,21.0,1
629,561,5820.0,226500,44.0,0
630,828,6300.0,256500,40.0,1
631,817,3180.0,256500,34.0,0
632,640,6600.0,296500,48.0,0
633,889,3120.0,356500,49.0,0
634,858,3480.0,156500,33.0,0
635,775,3900.0,226500,31.0,0
636,516,3300.0,146500,30.0,0
637,585,5640.0,616500,40.0,0
638,581,8040.0,326500,26.0,0
639,634,3720.0,146500,35.0,0
640,873,5100.0,486500,53.0,0
641,862,9060.0,356500,33.0,0
642,692,3240.0,226500,40.0,1
643,846,2580.0,86500,24.0,0
644,519,15540.0,406500,22.0,0
645,799,4740.0,116500,59.0,1
646,810,2400.0,216500,43.0,0
647,679,6840.0,396500,31.0,0
648,688,11820.0,596500,45.0,0
649,558,9660.0,516500,25.0,0
650,618,7200.0,156500,44.0,1
651,730,5580.0,486500,55.0,0
652,652,4680.0,346500,44.0,0
653,723,7800.0,486500,36.0,0
654,769,6780.0,456500,42.0,0
655,703,5640.0,336500,40.0,0
656,575,16380.0,536500,41.0,0
657,624,3360.0,216500,45.0,0
658,715,4440.0,186500,40.0,1
659,618,7260.0,336500,31.0,0
660,817,15780.0,326500,40.0,1
661,825,4140.0,236500,37.0,0
662,824,9660.0,536500,31.0,0
663,572,2160.0,76500,30.0,0
664,879,9660.0,556500,26.0,0
665,549,5640.0,316500,40.0,0
666,571,4620.0,186500,42.0,0
667,708,7380.0,506500,47.0,0
668,803,6540.0,466500,47.0,0
669,773,4320.0,286500,35.0,0
670,867,18480.0,726500,20.0,0
671,680,4200.0,366500,40.0,1
672,880,1980.0,116500,52.0,1
673,663,6180.0,246500,20.0,0
674,502,14220.0,606500,40.0,1
675,583,8160.0,226500,42.0,0
676,831,6420.0,486500,36.0,0
677,539,3240.0,126500,36.0,0
678,869,5520.0,266500,22.0,0
679,583,4860.0,556500,48.0,0
680,875,7620.0,346500,47.0,0
681,556,5640.0,266500,40.0,0
682,855,5100.0,106500,46.0,0
683,695,1620.0,146500,46.0,1
684,706,11220.0,516500,26.0,0
685,822,5640.0,426500,40.0,0
686,617,19020.0,406500,9.0,0
687,534,8880.0,156500,27.0,0
688,766,5100.0,226500,40.0,1
689,640,4500.0,296500,42.0,0
690,647,4080.0,356500,47.0,0
691,525,3360.0,106500,47.0,0
692,656,7920.0,566500,49.0,0
693,720,5640.0,396500,40.0,0
694,623,10080.0,216500,34.0,1
695,718,6180.0,206500,40.0,0
696,846,4020.0,316500,47.0,0
697,556,4620.0,366500,56.0,0
698,864,4680.0,386500,40.0,1
699,867,5640.0,466500,40.0,0
700,659,8100.0,366500,37.0,0
701,757,2340.0,266500,61.0,1
702,580,9300.0,366500,31.0,0
703,873,6780.0,156500,20.0,0
704,717,2220.0,216500,40.0,1
705,845,5640.0,346500,40.0,1
706,845,5640.0,126500,40.0,1
707,756,7440.0,626500,33.0,0
708,778,7020.0,316500,32.0,0
709,795,7680.0,556500,47.0,0
710,744,3420.0,176500,40.0,1
711,877,39300.0,1506500,30.0,1
712,833,14100.0,266500,8.0,0
713,762,17580.0,726500,20.0,0
714,599,5880.0,116500,26.0,0
715,728,3960.0,246500,40.0,0
716,556,5340.0,456500,40.0,1
717,720,9000.0,256500,30.0,0
718,556,6360.0,426500,41.0,0
719,749,2640.0,246500,45.0,0
720,864,6360.0,136500,27.0,0
721,724,5100.0,86500,22.0,0
722,544,4380.0,316500,60.0,0
723,723,5640.0,236500,40.0,0
724,614,12840.0,426500,20.0,0
725,778,2940.0,216500,30.0,0
726,646,1500.0,116500,49.0,1
727,710,6360.0,416500,39.0,0
728,704,5640.0,606500,40.0,0
729,663,3180.0,126500,49.0,1
730,714,5640.0,116500,40.0,0
731,730,14580.0,886500,40.0,1
732,706,6600.0,236500,25.0,0
733,811,3180.0,296500,36.0,0
734,698,10560.0,546500,39.0,0
735,558,5880.0,296500,28.0,0
736,636,16200.0,576500,18.0,0
737,604,5100.0,96500,40.0,1
738,894,9360.0,606500,45.0,0
739,618,1140.0,66500,47.0,0
740,736,4800.0,216500,31.0,0
741,541,6900.0,476500,49.0,0
742,607,1740.0,166500,45.0,1
743,617,0.0,316500,40.0,1
744,724,5640.0,546500,40.0,0
745,865,13200.0,496500,34.0,0
746,664,8580.0,326500,38.0,1
747,675,6120.0,346500,24.0,0
748,583,5400.0,226500,40.0,1
749,733,8760.0,726500,44.0,1
750,527,3480.0,306500,40.0,1
751,613,6300.0,436500,34.0,0
752,649,7980.0,326500,24.0,0
753,615,8400.0,156500,37.0,0
754,646,5640.0,436500,40.0,0
755,607,5640.0,316500,40.0,0
756,539,4440.0,256500,40.0,1
757,545,11820.0,556500,35.0,1
758,848,2280.0,86500,43.0,1
759,786,3240.0,286500,53.0,0
760,560,3240.0,196500,30.0,0
761,771,3900.0,376500,45.0,0
762,699,11760.0,406500,40.0,1
763,505,6300.0,726500,45.0,0
764,786,3000.0,336500,44.0,0
765,626,49920.0,456500,40.0,0
766,569,12480.0,156500,31.0,0
767,787,6600.0,296500,20.0,0
768,801,4980.0,416500,41.0,0
769,743,7620.0,316500,48.0,0
770,574,7020.0,356500,40.0,1
771,641,11460.0,606500,37.0,0
772,784,5460.0,326500,31.0,0
773,785,3600.0,166500,37.0,0
774,858,8160.0,276500,26.0,0
775,617,5100.0,116500,46.0,0
776,673,4620.0,216500,32.0,0
777,682,4200.0,316500,51.0,0
778,597,4440.0,386500,40.0,1
779,834,8220.0,346500,40.0,1
780,630,3900.0,246500,41.0,0
781,884,6420.0,406500,48.0,0
782,876,3000.0,146500,44.0,1
783,665,4140.0,206500,45.0,0
784,628,2280.0,116500,40.0,1
785,873,6540.0,376500,40.0,1
786,860,3180.0,216500,31.0,0
787,745,9060.0,256500,24.0,0
788,501,7500.0,636500,38.0,0
789,582,5400.0,316500,32.0,0
790,716,10620.0,346500,30.0,0
791,884,1440.0,156500,41.0,1
792,715,4500.0,106500,39.0,0
793,832,4800.0,186500,40.0,0
794,818,3420.0,316500,44.0,0
795,550,6660.0,166500,41.0,0
796,513,1140.0,116500,40.0,1
797,809,2760.0,156500,47.0,0
798,871,4260.0,296500,49.0,0
799,607,4920.0,106500,30.0,0
800,797,4740.0,486500,41.0,1
801,581,5340.0,426500,59.0,1
802,528,2580.0,146500,36.0,0
803,803,9060.0,506500,36.0,0
804,534,7020.0,296500,40.0,0
805,732,3780.0,346500,51.0,1
806,544,7320.0,236500,30.0,0
807,639,7080.0,276500,44.0,0
808,590,2640.0,336500,18.0,1
809,693,6360.0,346500,46.0,0
810,727,3060.0,126500,40.0,0
811,876,12420.0,816500,41.0,0
812,881,9120.0,666500,43.0,0
813,694,10200.0,426500,31.0,0
814,844,5640.0,596500,40.0,0
815,509,8100.0,286500,28.0,0
816,765,8640.0,646500,38.0,0
817,529,3960.0,236500,42.0,0
818,782,3120.0,256500,51.0,1
819,780,2220.0,236500,37.0,1
820,890,5040.0,486500,46.0,0
821,867,6720.0,486500,40.0,1
822,646,10140.0,416500,47.0,0
823,541,9180.0,616500,45.0,0
824,821,3900.0,186500,37.0,0
825,732,15360.0,516500,44.0,0
826,568,5640.0,656500,40.0,0
827,849,6060.0,306500,47.0,0
828,875,13200.0,646500,37.0,0
829,780,4680.0,146500,40.0,1
830,858,4020.0,146500,45.0,1
831,577,2460.0,236500,40.0,1
832,787,9180.0,256500,29.0,0
833,828,7980.0,446500,45.0,1
834,561,2460.0,276500,52.0,0
835,633,2700.0,256500,49.0,0
836,771,22260.0,486500,5.0,0
837,843,5640.0,406500,40.0,0
838,866,12360.0,116500,21.0,0
839,688,3780.0,86500,44.0,0
840,598,10380.0,276500,19.0,1
841,627,9780.0,276500,45.0,0
842,686,6000.0,376500,36.0,1
843,856,5880.0,196500,26.0,0
844,563,5160.0,246500,32.0,0
845,691,5340.0,146500,20.0,1
846,899,10920.0,326500,12.0,0
847,706,2700.0,176500,41.0,0
848,669,2220.0,146500,59.0,1
849,743,6480.0,376500,50.0,0
850,843,9780.0,576500,33.0,0
851,803,7020.0,236500,20.0,0
852,697,0.0,306500,40.0,1
853,609,6900.0,576500,44.0,0
854,713,5220.0,576500,49.0,0
855,632,5640.0,346500,21.0,0
856,869,9240.0,446500,43.0,0
857,865,10020.0,286500,25.0,0
858,846,3120.0,266500,57.0,0
859,632,6960.0,436500,46.0,0
860,852,6960.0,86500,49.0,1
861,539,3360.0,296500,26.0,1
862,752,14880.0,536500,48.0,0
863,829,3060.0,116500,31.0,0
864,899,3600.0,336500,40.0,1
865,544,5640.0,226500,29.0,0
866,898,4320.0,166500,36.0,1
867,826,4320.0,266500,36.0,0
868,893,4980.0,186500,36.0,1
869,764,6060.0,226500,44.0,0
870,827,4140.0,156500,42.0,1
871,716,2520.0,196500,40.0,1
872,827,2520.0,86500,39.0,0
873,753,2040.0,106500,42.0,0
874,662,3840.0,196500,57.0,0
875,896,5640.0,386500,40.0,0
876,627,1920.0,106500,51.0,1
877,885,6960.0,636500,40.0,1
878,769,3300.0,216500,46.0,0
879,703,5700.0,116500,21.0,0
880,621,7740.0,386500,36.0,0
881,630,1440.0,76500,36.0,1
882,599,7680.0,376500,35.0,0
883,575,4620.0,316500,39.0,0
884,892,5640.0,296500,40.0,0
885,734,8400.0,606500,39.0,0
886,716,4320.0,306500,41.0,0
887,538,13440.0,596500,34.0,0
888,890,5280.0,296500,48.0,0
889,709,5640.0,236500,40.0,0
890,863,10260.0,456500,47.0,0
891,822,6240.0,286500,44.0,1
892,697,5640.0,486500,40.0,0
893,822,3840.0,146500,49.0,1
894,741,1980.0,96500,44.0,0
895,504,5640.0,356500,40.0,0
896,611,11340.0,536500,29.0,0
897,560,3540.0,346500,45.0,0
898,706,6960.0,466500,48.0,0
899,616,4860.0,396500,45.0,0
900,660,5040.0,316500,40.0,0
901,664,3360.0,116500,31.0,0
902,617,10920.0,426500,28.0,0
903,511,5040.0,186500,33.0,0
904,785,4380.0,166500,36.0,1
905,537,3840.0,156500,35.0,1
906,731,5040.0,416500,42.0,0
907,634,4380.0,366500,41.0,0
908,646,1560.0,186500,34.0,1
909,676,7680.0,186500,44.0,0
910,588,7740.0,206500,39.0,1
911,802,3960.0,256500,46.0,0
912,811,2460.0,176500,39.0,0
913,651,3360.0,226500,43.0,0
914,579,7800.0,256500,58.0,0
915,872,8940.0,316500,40.0,1
916,779,5340.0,496500,40.0,1
917,568,11640.0,396500,12.0,0
918,539,11520.0,416500,17.0,0
919,710,3120.0,306500,54.0,0
920,764,5040.0,436500,47.0,0
921,680,5640.0,306500,44.0,1
922,871,8520.0,666500,43.0,0
923,806,9360.0,686500,42.0,0
924,900,7800.0,476500,47.0,1
925,857,7380.0,486500,44.0,0
926,887,14880.0,456500,16.0,0
927,772,11160.0,336500,28.0,0
928,502,1680.0,96500,58.0,0
929,618,3300.0,226500,48.0,0
930,512,12960.0,396500,43.0,0
931,806,5280.0,406500,44.0,0
932,534,2760.0,246500,49.0,0
933,705,3240.0,166500,35.0,0
934,620,8100.0,236500,31.0,0
935,634,13800.0,726500,30.0,0
936,890,8040.0,286500,47.0,0
937,899,4380.0,166500,26.0,0
938,635,11340.0,416500,55.0,1
939,689,5400.0,556500,43.0,0
940,622,16560.0,686500,32.0,0
941,758,3900.0,196500,38.0,0
942,774,5640.0,306500,40.0,0
943,685,4740.0,296500,43.0,0
944,808,3480.0,66500,27.0,0
945,877,10020.0,676500,25.0,0
946,731,3600.0,526500,58.0,0
947,877,8520.0,416500,29.0,0
948,801,5760.0,376500,61.0,0
949,780,0.0,256500,11.0,1
950,805,14100.0,296500,22.0,0
951,871,5640.0,216500,40.0,0
952,570,6000.0,166500,30.0,0
953,775,7500.0,326500,45.0,0
954,626,2220.0,96500,43.0,0
955,520,3300.0,446500,28.0,1
956,702,2400.0,126500,39.0,0
957,767,3840.0,456500,49.0,0
958,900,5760.0,146500,53.0,0
959,611,5880.0,346500,42.0,0
960,721,7020.0,296500,21.0,0
961,574,6840.0,306500,34.0,0
962,900,6300.0,246500,40.0,0
963,727,18720.0,546500,19.0,0
964,585,5640.0,156500,40.0,0
965,605,9600.0,216500,21.0,0
966,607,9600.0,406500,47.0,0
967,872,6360.0,126500,22.0,0
968,802,14820.0,626500,37.0,1
969,609,3960.0,346500,46.0,0
970,603,11640.0,276500,40.0,1
971,686,4620.0,266500,42.0,0
972,513,8220.0,426500,48.0,1
973,662,2820.0,136500,30.0,0
974,830,4740.0,236500,48.0,0
975,781,7080.0,226500,32.0,0
976,700,3540.0,146500,40.0,1
977,800,7320.0,326500,26.0,0
978,688,5700.0,516500,59.0,0
979,675,4020.0,126500,27.0,0
980,609,2160.0,106500,36.0,0
981,653,6540.0,226500,36.0,0
982,552,6180.0,466500,42.0,0
983,520,5520.0,496500,53.0,0
984,865,2340.0,96500,32.0,0
985,528,5520.0,396500,37.0,0
986,894,2160.0,136500,40.0,1
987,818,6540.0,326500,42.0,0
988,875,3300.0,326500,49.0,0
989,614,5880.0,236500,47.0,0
990,653,13380.0,326500,42.0,1
991,734,5400.0,286500,38.0,0
992,602,6600.0,626500,44.0,0
993,714,5640.0,396500,40.0,0
994,573,11820.0,496500,30.0,0
995,835,5880.0,436500,45.0,0
996,602,4680.0,456500,53.0,0
997,532,7440.0,326500,41.0,0
998,611,2580.0,176500,59.0,0
999,560,6420.0,296500,40.0,0
1000,715,6000.0,536500,48.0,0
1001,863,12420.0,676500,24.0,0
1002,882,5820.0,446500,48.0,0
1003,556,9000.0,476500,47.0,0
1004,626,4860.0,206500,49.0,0
1005,525,5640.0,516500,40.0,1
1006,668,2880.0,186500,43.0,0
1007,866,4560.0,276500,48.0,0
1008,773,1620.0,86500,52.0,0
1009,751,4140.0,166500,43.0,0
1010,863,2460.0,136500,39.0,0
1011,688,2220.0,366500,56.0,1
1012,622,5520.0,196500,27.0,0
1013,725,1500.0,116500,45.0,1
1014,825,8100.0,466500,42.0,0
1015,525,7560.0,256500,31.0,0
1016,771,13440.0,496500,31.0,0
1017,679,6360.0,416500,37.0,0
1018,595,1980.0,136500,49.0,0
1019,765,6060.0,206500,32.0,0
1020,709,14760.0,776500,36.0,1
1021,597,3060.0,106500,16.0,1
1022,589,6780.0,66500,30.0,0
1023,779,2700.0,216500,38.0,0
1024,797,3720.0,326500,48.0,0
1025,748,4380.0,456500,47.0,0
1026,550,9600.0,396500,36.0,0
1027,775,5640.0,446500,40.0,0
1028,654,3540.0,256500,35.0,0
1029,768,2520.0,126500,39.0,0
1030,610,5460.0,326500,41.0,0
1031,706,5160.0,356500,32.0,0
1032,765,4860.0,286500,37.0,0
1033,886,11220.0,356500,22.0,0
1034,716,5640.0,466500,40.0,0
1035,517,7860.0,196500,39.0,1
1036,659,3600.0,366500,48.0,0
1037,624,8220.0,686500,50.0,0
1038,881,4380.0,156500,32.0,1
1039,778,5640.0,266500,40.0,1
1040,652,8640.0,396500,40.0,1
1041,864,4560.0,406500,40.0,0
1042,683,7020.0,336500,31.0,0
1043,754,7200.0,316500,46.0,0
1044,579,7020.0,446500,39.0,0
1045,671,5880.0,306500,48.0,0
1046,602,2040.0,116500,40.0,1
1047,560,5640.0,226500,40.0,0
1048,607,3720.0,126500,36.0,0
1049,646,4680.0,116500,31.0,1
1050,737,4260.0,246500,39.0,0
1051,754,4920.0,496500,40.0,1
1052,846,8220.0,256500,46.0,0
1053,800,8160.0,336500,31.0,0
1054,867,8040.0,426500,35.0,0
1055,702,189360.0,476500,14.0,0
1056,642,6600.0,526500,49.0,0
1057,878,13920.0,236500,20.0,0
1058,745,4140.0,236500,38.0,0
1059,690,3960.0,216500,31.0,0
1060,718,3360.0,336500,46.0,0
1061,662,9540.0,586500,49.0,0
1062,826,2940.0,266500,57.0,1
1063,539,0.0,476500,40.0,1
1064,579,15600.0,446500,35.0,0
1065,829,7980.0,486500,40.0,1
1066,715,2160.0,166500,44.0,0
1067,750,5700.0,276500,47.0,1
1068,693,4680.0,406500,39.0,0
1069,692,4380.0,366500,50.0,0
1070,782,5160.0,236500,37.0,0
1071,863,1440.0,126500,60.0,1
1072,805,8580.0,266500,39.0,0
1073,633,2700.0,226500,42.0,0
1074,827,6780.0,446500,41.0,0
1075,814,4740.0,346500,47.0,0
1076,850,6720.0,266500,46.0,1
1077,769,3000.0,176500,40.0,1
1078,707,5640.0,406500,40.0,0
1079,865,3420.0,246500,36.0,1
1080,756,7620.0,266500,30.0,0
1081,684,2220.0,186500,42.0,0
1082,692,4920.0,236500,46.0,1
1083,775,2820.0,286500,55.0,0
1084,719,5640.0,446500,40.0,1
1085,517,2400.0,76500,56.0,1
1086,805,4200.0,366500,40.0,1
1087,611,6840.0,446500,37.0,0
1088,803,4980.0,356500,48.0,0
1089,866,5700.0,456500,40.0,1
1090,888,2340.0,136500,39.0,0
1091,646,2280.0,116500,38.0,0
1092,823,8340.0,266500,36.0,0
1093,562,2520.0,126500,48.0,0
1094,514,3120.0,156500,40.0,0
1095,698,5340.0,226500,49.0,0
1096,630,2280.0,76500,6.0,1
1097,585,5880.0,436500,49.0,0
1098,651,3180.0,196500,44.0,0
1099,772,14460.0,456500,36.0,0
1100,867,9660.0,796500,27.0,0
1101,545,7320.0,356500,40.0,0
1102,762,7080.0,126500,37.0,0
1103,750,5400.0,316500,39.0,0
1104,697,7260.0,316500,34.0,0
1105,600,6120.0,326500,40.0,0
1106,772,2760.0,146500,48.0,1
1107,522,4800.0,346500,49.0,0
1108,846,17940.0,406500,16.0,1
1109,705,8460.0,596500,40.0,1
1110,792,3300.0,286500,40.0,1
1111,519,5640.0,476500,40.0,0
1112,580,6180.0,356500,36.0,1
1113,504,5220.0,306500,30.0,0
1114,874,3660.0,126500,39.0,0
1115,512,5760.0,206500,47.0,0
1116,668,5340.0,276500,41.0,0
1117,853,8040.0,276500,40.0,0
1118,821,9840.0,296500,34.0,0
1119,503,9300.0,726500,39.0,0
1120,862,6060.0,436500,31.0,0
1121,737,3360.0,86500,33.0,0
1122,571,7320.0,486500,40.0,1
1123,548,2940.0,76500,44.0,0
1124,716,2760.0,196500,43.0,0
1125,599,6360.0,476500,58.0,0
1126,854,2880.0,306500,49.0,0
1127,779,16740.0,446500,37.0,0
1128,625,14580.0,356500,30.0,0
1129,648,5760.0,416500,39.0,0
1130,700,1320.0,106500,47.0,1
1131,610,7440.0,446500,31.0,0
1132,871,4320.0,376500,39.0,0
1133,717,8040.0,556500,21.0,0
1134,657,7140.0,176500,40.0,1
1135,586,2400.0,86500,58.0,1
1136,515,6420.0,286500,52.0,0
1137,631,6180.0,296500,43.0,0
1138,828,5640.0,486500,40.0,0
1139,630,4680.0,286500,32.0,0
1140,637,7800.0,486500,38.0,0
1141,826,7200.0,196500,20.0,0
1142,606,6060.0,136500,58.0,0
1143,699,7080.0,406500,43.0,0
1144,625,2820.0,326500,55.0,1
1145,536,10680.0,726500,34.0,0
1146,892,8520.0,176500,12.0,0
1147,752,4080.0,116500,41.0,0
1148,789,3420.0,406500,54.0,0
1149,658,5760.0,226500,40.0,0
1150,572,5640.0,176500,40.0,1
1151,534,4020.0,156500,39.0,0
1152,791,8100.0,206500,46.0,0
1153,552,14580.0,456500,47.0,0
1154,616,8280.0,286500,13.0,0
1155,784,5640.0,596500,40.0,0
1156,619,7500.0,216500,9.0,0
1157,634,4500.0,316500,42.0,0
1158,530,4620.0,176500,54.0,1
1159,536,9240.0,296500,41.0,0
1160,687,6000.0,476500,41.0,0
1161,512,9060.0,496500,28.0,0
1162,545,2880.0,76500,31.0,0
1163,536,4500.0,186500,30.0,0
1164,658,5760.0,266500,60.0,0
1165,548,3660.0,126500,40.0,1
1166,784,6600.0,466500,36.0,0
1167,633,3300.0,376500,48.0,0
1168,564,3000.0,126500,40.0,1
1169,696,1860.0,86500,24.0,0
1170,637,2100.0,236500,49.0,0
1171,735,7800.0,636500,39.0,0
1172,648,3000.0,156500,49.0,0
1173,653,6900.0,246500,37.0,1
1174,866,52080.0,376500,27.0,0
1175,872,8100.0,586500,40.0,1
1176,819,6000.0,266500,20.0,0
1177,839,7560.0,216500,7.0,0
1178,691,4380.0,176500,49.0,0
1179,731,8760.0,326500,45.0,0
1180,634,6480.0,236500,48.0,0
1181,840,3180.0,216500,34.0,0
1182,723,13680.0,126500,40.0,1
1183,875,5820.0,286500,43.0,0
1184,879,2040.0,196500,47.0,0
1185,579,2760.0,186500,40.0,1
1186,646,3660.0,316500,49.0,0
1187,824,3420.0,106500,40.0,1
1188,593,6240.0,226500,30.0,0
1189,669,3600.0,216500,40.0,1
1190,819,2520.0,236500,39.0,0
1191,729,11940.0,476500,30.0,0
1192,602,6720.0,266500,36.0,0
1193,514,3420.0,166500,40.0,1
1194,571,5400.0,246500,49.0,0
1195,816,5640.0,526500,40.0,0
1196,524,4260.0,296500,37.0,0
1197,632,10740.0,296500,31.0,0
1198,539,6120.0,326500,46.0,0
1199,626,1380.0,106500,49.0,0
1200,766,14160.0,386500,40.0,1
1201,705,10200.0,416500,38.0,0
1202,620,4260.0,156500,37.0,0
1203,863,4920.0,326500,28.0,0
1204,793,7800.0,486500,37.0,0
1205,538,1740.0,106500,44.0,1
1206,598,12060.0,556500,29.0,0
1207,626,7260.0,436500,43.0,0
1208,812,7320.0,116500,42.0,1
1209,851,5640.0,266500,44.0,0
1210,529,2220.0,156500,40.0,1
1211,789,4920.0,386500,49.0,0
1212,844,7140.0,536500,39.0,0
1213,884,2760.0,236500,49.0,0
1214,767,4440.0,356500,44.0,0
1215,778,7560.0,436500,36.0,0
1216,852,9420.0,436500,38.0,0
1217,839,4980.0,516500,46.0,0
1218,747,6600.0,216500,30.0,0
1219,864,5640.0,346500,40.0,1
1220,837,3240.0,226500,36.0,0
1221,672,5460.0,616500,49.0,0
1222,628,20280.0,606500,21.0,1
1223,702,1860.0,76500,48.0,0
1224,579,11400.0,526500,29.0,0
1225,811,4920.0,126500,45.0,0
1226,663,8700.0,416500,47.0,1
1227,807,6060.0,556500,46.0,0
1228,831,6960.0,356500,30.0,0
1229,626,6840.0,396500,35.0,1
1230,681,3060.0,176500,44.0,0
1231,523,7320.0,636500,54.0,1
1232,849,9480.0,406500,32.0,0
1233,801,5640.0,146500,40.0,0
1234,610,2580.0,176500,40.0,0
1235,607,5280.0,536500,42.0,0
1236,768,3660.0,206500,39.0,0
1237,545,7980.0,216500,38.0,0
1238,673,5640.0,286500,40.0,0
1239,663,25140.0,746500,31.0,0
1240,685,10920.0,196500,21.0,0
1241,705,9960.0,566500,38.0,0
1242,766,5640.0,326500,40.0,0
1243,805,2160.0,216500,42.0,1
1244,685,6120.0,416500,40.0,0
1245,855,5640.0,276500,40.0,1
1246,861,1620.0,106500,47.0,0
1247,861,6180.0,626500,40.0,1
1248,568,5880.0,296500,49.0,0
1249,513,2520.0,146500,36.0,1
1250,578,2460.0,76500,49.0,0
1251,682,14760.0,416500,33.0,0
1252,553,5460.0,366500,36.0,0
1253,757,4920.0,116500,30.0,0
1254,722,6840.0,226500,29.0,0
1255,877,6000.0,486500,44.0,0
1256,800,4560.0,486500,46.0,0
1257,729,3900.0,216500,40.0,1
1258,762,5040.0,146500,37.0,0
1259,777,11340.0,346500,7.0,0
1260,852,10740.0,256500,48.0,0
1261,714,8700.0,396500,26.0,0
1262,892,5400.0,226500,20.0,0
1263,670,11820.0,676500,32.0,0
1264,765,26400.0,316500,40.0,1
1265,852,2760.0,236500,41.0,0
1266,753,2820.0,166500,31.0,1
1267,694,11220.0,366500,37.0,0
1268,665,420.0,306500,6.0,1
1269,898,8820.0,396500,28.0,0
1270,674,4080.0,366500,48.0,0
1271,733,6240.0,336500,21.0,0
1272,826,12540.0,736500,45.0,0
1273,847,5280.0,446500,43.0,0
1274,780,5940.0,236500,32.0,1
1275,638,6660.0,226500,48.0,0
1276,644,5400.0,256500,31.0,0
1277,885,9840.0,556500,44.0,0
1278,759,1920.0,136500,51.0,1
1279,719,7200.0,426500,22.0,0
1280,598,12900.0,266500,27.0,0
1281,501,3900.0,226500,40.0,1
1282,614,2880.0,246500,45.0,0
1283,508,13560.0,276500,37.0,0
1284,553,6720.0,256500,27.0,0
1285,669,2820.0,166500,39.0,0
1286,512,3720.0,276500,36.0,0
1287,888,8160.0,586500,53.0,0
1288,794,4800.0,446500,60.0,0
1289,636,6600.0,266500,45.0,1
1290,591,4860.0,146500,47.0,1
1291,798,2940.0,156500,36.0,0
1292,856,5400.0,286500,37.0,0
1293,771,4260.0,516500,30.0,0
1294,523,1200.0,126500,49.0,0
1295,890,4740.0,246500,36.0,0
1296,597,3240.0,136500,30.0,0
1297,724,3600.0,276500,40.0,1
1298,728,2040.0,96500,40.0,1
1299,548,9540.0,426500,43.0,0
1300,794,13680.0,616500,40.0,0
1301,596,1920.0,146500,43.0,0
1302,783,5640.0,716500,40.0,0
1303,887,6120.0,216500,43.0,0
1304,854,9000.0,426500,38.0,0
1305,566,4380.0,316500,34.0,0
1306,891,6000.0,206500,30.0,1
1307,671,3060.0,256500,40.0,1
1308,607,5040.0,266500,48.0,0
1309,536,11100.0,726500,30.0,0
1310,583,6060.0,476500,40.0,1
1311,619,7680.0,246500,40.0,0
1312,506,17760.0,316500,31.0,0
1313,568,12240.0,596500,24.0,0
1314,822,6360.0,426500,40.0,0
1315,744,38220.0,426500,39.0,0
1316,720,5100.0,446500,42.0,0
1317,764,12420.0,896500,39.0,0
1318,698,2220.0,126500,40.0,1
1319,525,2940.0,186500,41.0,0
1320,847,5400.0,386500,42.0,0
1321,718,5400.0,316500,44.0,0
1322,802,6600.0,466500,37.0,0
1323,592,13440.0,556500,20.0,0
1324,566,1800.0,156500,41.0,0
1325,630,7440.0,556500,41.0,0
1326,526,10800.0,306500,37.0,0
1327,783,17460.0,476500,30.0,0
1328,867,2940.0,236500,48.0,1
1329,758,2580.0,126500,38.0,0
1330,705,2700.0,156500,37.0,0
1331,559,6960.0,406500,39.0,0
1332,752,6960.0,566500,48.0,0
1333,725,4020.0,286500,34.0,0
1334,683,8100.0,406500,40.0,1
1335,599,3720.0,146500,13.0,0
1336,899,5100.0,416500,45.0,1
1337,629,10320.0,486500,30.0,1
1338,686,4800.0,266500,38.0,0
1339,665,5220.0,366500,40.0,1
1340,694,2040.0,186500,44.0,0
1341,850,3600.0,196500,15.0,1
1342,566,5640.0,296500,40.0,0
1343,671,11700.0,406500,21.0,0
1344,732,5640.0,506500,40.0,0
1345,743,6540.0,276500,7.0,0
1346,581,10560.0,536500,27.0,0
1347,796,6120.0,156500,40.0,0
1348,559,5880.0,216500,42.0,0
1349,877,2220.0,106500,39.0,0
1350,835,4620.0,246500,35.0,0
1351,552,8880.0,346500,40.0,1
1352,586,2700.0,276500,47.0,0
1353,590,4920.0,296500,40.0,0
1354,513,13020.0,726500,36.0,0
1355,805,7920.0,236500,42.0,0
1356,631,5280.0,166500,27.0,1
1357,569,6420.0,226500,37.0,0
1358,529,12240.0,696500,26.0,0
1359,581,4260.0,246500,52.0,0
1360,533,5280.0,546500,47.0,1
1361,819,5580.0,206500,35.0,0
1362,807,5880.0,326500,27.0,0
1363,790,10020.0,406500,17.0,0
1364,894,4680.0,376500,56.0,0
1365,571,8040.0,396500,28.0,0
1366,771,5040.0,176500,37.0,0
1367,827,1740.0,206500,49.0,0
1368,682,0.0,836500,40.0,1
1369,781,3240.0,256500,43.0,1
1370,661,4260.0,276500,47.0,0
1371,718,3300.0,226500,49.0,0
1372,547,5700.0,396500,38.0,0
1373,695,7620.0,276500,31.0,1
1374,748,1800.0,166500,54.0,0
1375,645,4980.0,276500,37.0,0
1376,710,9120.0,556500,30.0,0
1377,897,4980.0,346500,36.0,0
1378,794,4260.0,136500,40.0,1
1379,500,9660.0,446500,35.0,0
1380,542,5160.0,426500,44.0,0
1381,757,1620.0,106500,40.0,1
1382,750,9060.0,296500,25.0,0
1383,654,11820.0,496500,25.0,0
1384,853,5520.0,196500,22.0,0
1385,855,5100.0,376500,48.0,1
1386,800,7980.0,476500,31.0,1
1387,881,3480.0,186500,34.0,0
1388,707,7500.0,356500,40.0,1
1389,594,11100.0,436500,23.0,0
1390,511,22680.0,566500,40.0,1
1391,668,3300.0,276500,39.0,1
1392,553,4680.0,356500,36.0,0
1393,685,8040.0,576500,40.0,0
1394,657,5520.0,336500,30.0,0
1395,849,2880.0,156500,43.0,0
1396,697,960.0,126500,13.0,1
1397,745,1680.0,126500,61.0,0
1398,734,23580.0,486500,37.0,1
1399,544,10800.0,106500,31.0,0
1400,890,5700.0,406500,40.0,0
1401,797,3780.0,336500,40.0,1
1402,661,5040.0,176500,40.0,0
1403,813,7740.0,256500,21.0,0
1404,838,7380.0,396500,36.0,0
1405,684,7080.0,346500,42.0,0
1406,633,9060.0,606500,32.0,0
1407,878,3240.0,206500,42.0,0
1408,828,2460.0,116500,40.0,1
1409,732,15960.0,206500,29.0,0
1410,544,2400.0,146500,40.0,1
1411,872,9420.0,256500,24.0,0
1412,808,7920.0,716500,49.0,0
1413,722,3180.0,226500,42.0,0
1414,600,7800.0,406500,47.0,0
1415,859,6240.0,416500,37.0,0
1416,772,3780.0,276500,36.0,0
1417,734,4140.0,236500,37.0,0
1418,811,2940.0,146500,42.0,0
1419,604,3720.0,306500,60.0,1
1420,853,4860.0,336500,46.0,1
1421,546,6480.0,246500,40.0,1
1422,520,5700.0,286500,35.0,0
1423,678,3720.0,406500,49.0,0
1424,650,4560.0,406500,47.0,0
1425,720,5880.0,576500,46.0,0
1426,522,6660.0,526500,46.0,0
1427,842,11280.0,686500,40.0,0
1428,874,2640.0,226500,44.0,0
1429,578,5340.0,476500,46.0,0
1430,741,7680.0,486500,40.0,0
1431,731,6240.0,166500,28.0,0
1432,860,7560.0,466500,41.0,0
1433,500,2820.0,216500,48.0,0
1434,753,4860.0,456500,36.0,0
1435,871,26520.0,286500,35.0,0
1436,675,8040.0,536500,31.0,0
1437,810,11640.0,616500,21.0,0
1438,652,0.0,216500,40.0,1
1439,682,5340.0,226500,37.0,0
1440,752,7260.0,426500,35.0,0
1441,700,20580.0,626500,29.0,0
1442,533,9060.0,456500,44.0,0
1443,798,8760.0,386500,36.0,0
1444,673,8640.0,286500,40.0,1
1445,797,12060.0,376500,11.0,0
1446,640,4020.0,136500,38.0,0
1447,839,1800.0,116500,60.0,1
1448,755,7200.0,326500,39.0,0
1449,711,7380.0,406500,44.0,1
1450,653,4080.0,256500,36.0,0
1451,763,4380.0,166500,25.0,0
1452,672,5640.0,286500,40.0,0
1453,801,6180.0,546500,49.0,0
1454,676,6120.0,546500,39.0,0
1455,645,2820.0,246500,47.0,0
1456,716,4020.0,356500,49.0,0
1457,830,5760.0,186500,40.0,1
1458,579,4080.0,256500,36.0,0
1459,784,12000.0,306500,45.0,0
1460,652,5640.0,316500,40.0,0
1461,620,42600.0,546500,38.0,0
1462,704,4200.0,406500,48.0,0
1463,634,5640.0,286500,40.0,0
1464,892,3360.0,226500,40.0,1
1465,711,6840.0,426500,43.0,0
1466,774,5640.0,356500,40.0,0
1467,624,2400.0,176500,55.0,0
1468,661,5340.0,226500,60.0,1
1469,805,5640.0,206500,40.0,0
1470,819,2340.0,76500,30.0,0
1471,644,9120.0,806500,51.0,1
1472,851,4260.0,166500,47.0,0
1473,525,7920.0,176500,37.0,0
1474,856,6600.0,496500,40.0,1
1475,757,5760.0,196500,43.0,0
1476,857,5100.0,226500,45.0,0
1477,521,2340.0,176500,54.0,0
1478,666,8160.0,526500,31.0,0
1479,777,3900.0,256500,44.0,0
1480,708,5460.0,316500,37.0,0
1481,807,3660.0,86500,41.0,0
1482,781,5340.0,236500,52.0,0
1483,587,5640.0,506500,40.0,0
1484,689,3780.0,116500,36.0,0
1485,541,8700.0,426500,25.0,0
1486,545,6360.0,436500,49.0,0
1487,877,3780.0,196500,41.0,0
1488,700,5700.0,176500,33.0,0
1489,844,5640.0,436500,40.0,0
1490,883,5940.0,276500,32.0,0
1491,539,1260.0,76500,26.0,1
1492,890,6780.0,296500,22.0,0
1493,809,4800.0,356500,36.0,0
1494,644,8400.0,226500,26.0,0
1495,721,8100.0,566500,37.0,0
1496,666,14280.0,486500,46.0,0
1497,604,6780.0,206500,28.0,0
1498,744,5640.0,376500,59.0,0
1499,868,5460.0,236500,57.0,1
1500,720,5640.0,636500,40.0,0
1501,685,3300.0,86500,40.0,1
1502,817,6000.0,366500,45.0,0
1503,874,3000.0,136500,44.0,0
1504,533,5880.0,236500,44.0,0
1505,834,2700.0,196500,40.0,1
1506,624,2340.0,116500,26.0,1
1507,840,3000.0,136500,38.0,0
1508,555,4080.0,176500,39.0,0
